id,name,sequence,feature_type,read,pattern
CITE_CD4,CD4,AACAAGACCCTTGAG,Antibody Capture,R2,5PNNNNNNNNNN(BC)
CITE_CD8a,CD8a,TACCCGTAATAGCGT,Antibody Capture,R2,5PNNNNNNNNNN(BC)
CITE_CD11b,CD11b,TGAAGGCTCATTTGT,Antibody Capture,R2,5PNNNNNNNNNN(BC)
CITE_CD45R_B220,CD45R_B220,CCTACACCTCATAAT,Antibody Capture,R2,5PNNNNNNNNNN(BC)

#Reference: https://support.10xgenomics.com/single-cell-gene-expression/software/pipelines/latest/using/feature-bc-analysis#feature-ref

#id: Unique ID for tracking feature counts, must not clash with gene names
#name: Human readable name used in Loupe Cell Browser
#sequence: Oligo-tag sequence attached to the antibody used for counts. Provided by sequencing group
#feature_type: Description of data type. Must match the labels available here:
	#https://support.10xgenomics.com/single-cell-gene-expression/software/pipelines/latest/using/feature-bc-analysis#feature-types
#read: specifies if feature barcode is in R1 or R2. Most often in R2
#pattern: defines how to locate the barcode in the read sequence. Further reading:
	#https://support.10xgenomics.com/single-cell-gene-expression/software/pipelines/latest/using/feature-bc-analysis#pattern
